Projects,projectCode,admin level 2,Requested Funds,Objective,Flow ID,Source org.,Destination org.,Description,Field Cluster,Amount funded (US$),Funding status,Boundary
Site Mapping and Data Analysis for IDPs,HSDN24-CCM-208905-1,208905,1200000,"Aseel Women Organization (AWO) is a Sudanese NGO founded in 2017 by a group of women in different parts of Khartoum, and was registered in 2019 and became a national organization in 2021. The organization is working in women and children issues, raising awareness and educating the community includin...",,,,,Protection,,,
Displacement affected people have access to coordinated and responsive assistance and protection through inclusive community participation and empowerment towards durable solutions. ,HSDN24-CCM-209087-1,209087,1038516,"The project aims to facilitate access to coordinated and responsive services to displacement affected communities, where the IDPs will be inclusively participating in the processes of multi-sectoral assistance. The project will target IDPs living in sites and site like settings in the east, central ...",316688,European Commission's Humanitarian Aid and Civil Protection Department,Norwegian Refugee Council,Multi-sectoral Rapid Response Mechanism to Support Crisis-affected Populations in Sudan,Site Management,1038516,Commitment,Incoming
Emergency mobile CCCM response in new IDP formal sites across Eastern Sudan and the Darfur region,HSDN24-CCM-209128-1,209128,2911130,"Sudan has become now one of the worst displacement crises in the world, since the start of the conflict on April 15th, 2023. More than 6 million Sudanese are internally displaced, about a third of them residing in schools, public buildings, camps, and other informal settlements (DTM-IOM). Since the ...",,,,,Emergency Telecommunications,,,
Site Management for IDP Gathering Points in Gedaref and Kassala,HSDN24-CCM-209291-1,209291,500000,"The project aims to facilitate access to coordinated and responsive services to displacement affected communities, where internally displaced persons (IDPs) will inclusively participate in the decision making, implementation, and monitoring processes for planned multi-sectoral assistance within disp...",,,,,Site Management,,,
Site Management Support for Internally Displaced in Sudan,HSDN24-CCM-209345-1,209345,9676464,"UNHCR site management interventions will aim to (i) enhance coordination and assistance delivery in sites and site-like settings, (ii) reinforce community engagement by mapping /establishing site governance structures that are inclusive and representative of the age, gender, and diversity of the pop...",305773,Central Emergency Response Fund,United Nations High Commissioner for Refugees,Provision of Protection Services and Site Management Support to Forcibly Displaced People,Site Management,315000,Paid Contribution,Incoming
"Displacement Tracking Matrix: Mobility Tracking of IDPs, Returnees, and Other Mobile Populations in Sudan",HSDN24-CSS-209196-1,209196,4350000,"Following the multiple crises that affected Sudan since February 2003, and in response to the need for accurate information on displacement and the identification of beneficiaries for the delivery of humanitarian aid, the International Organization for Migration (IOM) began its Displacement Tracking...",316681,"United States of America, Government of",International Organization for Migration,"Sudan/CE	Sudan	International Organization for Migration
USAID / BHA",Coordination & Common Services,4350000,Commitment,Incoming
Coordination to address current humanitarian needs in South Darfur.,HSDN24-CSS-209278-1,209278,400000,"  Sudan at large has been in war since 15 April 2024 to date. many parts have witnessed fierce city fighting as has been observed world-wide. The State of South Darfur and its capital city of Nyala was among the hard-hit locations in the country, probably second to Khartoum. This has resulted in sev...",,,,,Coordination & Common Services,,,
Conducting Registration and Verification Exercises for Affected Populations in Sudan,HSDN24-CSS-209317-1,209317,400000,"In response to the need for accurate information on displacement and the identification of beneficiaries for the delivery of humanitarian aid, the International Organization for Migration (IOM) began its Displacement Tracking Matrix (DTM) program in 2004. The program aimed to support the Government ...",316680,"United States of America, Government of",International Organization for Migration,"Sudan/CE	Sudan	International Organization for Migration
USAID / BHA",Coordination & Common Services,400000,Commitment,Incoming
2024 Multi-Sector Needs Assessment to Inform the Humanitarian Needs Overview and Humanitarian Response Plan Process in Sudan,HSDN24-CSS-209320-1,209320,1250000,"Previously, and until 2020, there had been no nationwide Multi-Sector Needs Assessment (MSNA) conducted in Sudan. Primary data collection has historically been challenging, limited in scope, and often focused in areas where there is a significant humanitarian presence. Coinciding with the changes in...",322909,Food and Agriculture Organization of the United Nations | Office for the Coordination of Humanitarian Affairs | United Nations | United Nations Children's Fund | United Nations High Commissioner for Refugees | United Nations Population Fund | World Food Programme | World Health Organization,International Organization for Migration,Coordination of the 2024 MSNA to inform the 2025 HRP,Coordination & Common Services,684000,Paid Contribution,Incoming
Strengthening Humanitarian Coordination and Common Services in Sudan,HSDN24-CSS-209392-1,209392,13213284,"After years of protracted crisis, Sudan plunged into a conflict of alarming scale in mid-April 2023 when fighting between the Sudan Armed Forces (SAF) and the Rapid Support Forces (RSF), a paramilitary group, broke out initially in the capital Khartoum, and quickly expanded to other areas across the...",329330,"Saudi Arabia (Kingdom of), Government of",Office for the Coordination of Humanitarian Affairs,Saudi Arabia (through KSA) Contribution to OCHA 2024,Coordination & Common Services,499985,Paid Contribution,Incoming
Additional Security Capacity in Support of Humanitarian Agencies and INGOs – UNDSS Field Security Coordination Structure Reinforcement ,HSDN24-CSS-209718-1,209718,3000000,"The proposed project is intended to support the scale-up of humanitarian operations in Sudan and 
enable the programme delivery of UN agencies, funds and programmes and implementing partners (under the Saving Lives Together (SLT) framework) in response to the rapidly evolving and complex humanitaria...",315941,"United States of America, Government of",United Nations Department of Safety and Security,Additional security capacity in support of humanitarian agencies and INGOs - UNDSS field security coordination structure reinforcement,Coordination & Common Services,1250000,Commitment,Incoming
Support the provision of Emergency education services to conflict affected children (6-18 years) in communities and IDP camps in South & North Darfur States.,HSDN24-EDU-208836-1,208836,413200,"
This project has been designed to address the most critical Education needs of the IDPs in camps/gathering sites & most affected host populations. However, special attention will be given to children who got displaced after 15th.April 2023.The project will provide increased access to inclusive and ...",,,,,Education,,,
School Feeding: Improving access to basic education and nutritional status of pre- and primary school-aged children in Sudan,HSDN24-EDU-208860-1,208860,16589167,"Needs:
There are 19 million school aged children in Sudan, before the war broke out in April 2023, only 12.5 million children attended school. After the war education was suspended over all Sudan left   6.5 million children (51 per cent girls) with no access to education services, with 10,400 school...",,,,,Education,,,
Provide safe access to quality inclusive education for conflict- affected children..,HSDN24-EDU-208943-1,208943,1000000,The ongoing conflict is exacerbated education crisis as it was suspended for 6.5 million children have no access to education services. Attacks on schools and their use as emergency shelters further compromise the safety of education spaces and put enormous pressure on the already fragile education ...,,,,,Education,,,
"Vulnerable school-age children, including CwDs are supported to access safe and equitable education in emergency services in, Aljazeera, Sinner, Central Darfur, Gedaref and river Nile states 2024 ",HSDN24-EDU-208961-1,208961,30000000,"The escalation of violence in April 2023 had forcibly displaced at least 3 million children and Over 19 million school-aged children are expected to stay out of school in the 2023–2024 academic year because of the displacement. Unpaid teachers, and schools’ infrastructure damage resulting from the c...",337522,Education Cannot Wait Fund,Save the Children,"Sudan Humanitarian Response Plan 2024	Education	ECW First Emergency Response (FER)",Education,2500000,Paid Contribution,Incoming
"Delivery of quality education services to conflict affected children in Jazeera, South Kordofan, Blue Nile, Central and West Darfur States",HSDN24-EDU-209000-1,209000,664320,"The conflict in Sudan, which started mid of April 2023, has created a significant barrier to education, as well as suffering and psychological impact on children, teachers, and communities. According to UNICEF Humanitarian Report No.13 as of November 2023, there are over 3 million children displaced...",,,,,Education,,,
Emergency Response to Children Affected by Crisis in Blue Nile and Sinnar State Project,HSDN24-EDU-209011-1,209011,594189,"More than 7.2 million people have been displaced inside and outside Sudan since fighting broke out between the Sudanese Armed Forces and the Rapid Support Forces on April 15, 2023 and More than 500,000 people have been displaced because of clashes between the SAF and RSF in Wad Medani and surroundin...",,,,,Protection,,,
To provide for every child uninterrupted and sustainable learning and skills development opportunities in safe and accessible environment,HSDN24-EDU-209071-1,209071,73302844,"The conflict created massive displacement, with over 6.1 million people forced to leave their homes in search of safety elsewhere. To date, 3 million children are displaced making Sudan the country with the highest number of displaced children globally. In addition, 19 million are not in school. To ...",333945,United States Fund for UNICEF,United Nations Children's Fund,"Thematic Cross Sectoral - Sudan	Cross-Sectoral (two or more outcome areas)	THM HUMANITAR 2022-2025",Education,15400,Paid Contribution,Incoming
"Provision of safe, inclusive and protective education opportunities for conflict and displacement-affected girls and boys in Sudan.",HSDN24-EDU-209109-1,209109,4994440,"The ongoing conflict in Sudan had negatively affected the education sector. With school closure and lack of access to education in safe and protected learning environment, children in Sudan have been exposed to life-threatening protection risks such as: child recruitment, child marriage and Gender B...",,,,,Education,,,
"Education Support in Blue Nile Region (Al Kurmuk, Geisan, Wad Al Mahi and Baw localities)",HSDN24-EDU-209235-1,209235,500000,"The Blue Nile region in Sudan has long history of protracted conflicts. However, the fighting between the Rapid Support Forces (RSF) and the Sudanese Armed Forces (SAF) which broke out initially in Khartoum on 15 April 2023 and quickly expanded to other areas across the country continued for nine mo...",,,,,Education,,,
"Increase access to education for the conflict affected school age children in Darfur, Khartoum, Jazira, Gadaref, Northern state and South Kordofan",HSDN24-EDU-209277-1,209277,1000000,"The ongoing war between the SAF and RSF and the increased hostilities continue to be reported across Khartoum, Darfur, Kordofan and Blue Nile States. The reverberations of hostilities have permeated every facet of education, culminating in the closure of 10,400 schools and the suspension of educatio...",,,,,Education,,,
"Food Security and Livelihoods interventions in Jazeera, Blue Nile, South Kordofan, Khartoum, Central and West Darfur states:",HSDN24-FSC-208815-1,208815,4782736,"The Majorities of the IDPs, returnees, host communities and pastoralists are suffering from food shortage and malnutrition due to the recorded poor production of crops which is ascribed mainly to the nationwide conflict between RSF & SAF forces, which was also triggered by tribal disputes and displa...",337025,Sudan Humanitarian Fund,World Relief,"Allocation Type: Reserve - 2024 - SHF Reserve for Emergencies (Area-based food production support)
Integrated Food Production Response Project to the Famine Affected Community in Mukjar, Wasat Jabal Marrah and Shamal Jabal Marrah localities in Central Darfur
Project Start Date: 2025-02-01 - Project End Date: 2026-01-31
Project Code: CBPF-SUD-24-R-INGO-34639
Emergency Type: Conflict - Displacement",Food Security and Livelihoods,1389395,Paid Contribution,Internal
Emmergency Food Security and Livelihood Support for Crises-affected and Vulnerable Populations in Sudan.,HSDN24-FSC-208821-1,208821,12637200,"The deadly conflict between Sudan Armed Forces (SAF) and the paramilitary Rapid Support Forces (RSF) which erupted on April 15, has further exacerbated the already precarious situation in Sudan, putting millions of lives and livelihoods in danger. According to the 2024 Humanitarian Response Plan, 24...",330216,United Nations Development Programme,United Nations Development Programme,"Food Security	Governance, Peacebuilding, Crisis and Resilience Allocation to support the Integrated development solutions for IDPs and host communities in Chad, Ethiopia, Somalia and Sudan",Food Security and Livelihoods,513600,Paid Contribution,Incoming
"Provision of live-saving and live-sustaining support for conflict affected vulnerable farmers, agro pastoralists, pastoralists and fishery communities in Sudan",HSDN24-FSC-208877-1,208877,104084352,"FAO under HRP 2024, is planning to provide emergency agriculture and livestock-based livelihoods interventions to support vulnerable farmers, agro- pastoral and pastoral people from IDPs, host communities and venerable non-displaced population in Sudan. The vulnerability of the target populations st...",312417,European Commission,Food and Agriculture Organization of the United Nations,Enhancing Food Security and Resilience of Rural Pastoral and Agro pastoral Communities,Food Security and Livelihoods,3479660,Commitment,Incoming
"Emergency Food Security and Livelihood Support to IDPs and Host Communities East and South Darfur, and Gedaref States  ",HSDN24-FSC-208881-1,208881,2623840,"A period of over 9 months has passed since the conflict between the RSF and SAF broke out, 7.5 million people have been displaced, with 6 million being internally displaced (According to the OCHA’s Sudan: Nine months of conflict - Key Facts and Figures (15 January 2024)). The humanitarian needs in S...",,,,,Food Security and Livelihoods,,,
"Life-saving livelihoods assistance to vulnerable households , IDPs ,Returnees and Host community , East Darfur , Central Darfur , South Darfur  and  West Darfur ",HSDN24-FSC-208911-1,208911,2140000,"Sudan's ongoing food insecurity endangers people's lives, means of subsistence, and stability. A large portion of Sudan's population is at risk of food insecurity as a result of the protracted conflict, environmental degradation, and other disasters such as drought and floods, in 2023, there would b...",,,,,Food Security and Livelihoods,,,
Support Sudan war affected people with FSL intervention in South Darfur,HSDN24-FSC-208954-1,208954,399032,"The Project Purpose: -
The project is intended to provide safe, equitable, dignified and unhindered access to critical basic services and livelihoods opportunities for the most vulnerable war affected groups to prevent further erosion of their coping abilities and strategies to keep poor resources s...",,,,,Food Security and Livelihoods,,,
Emergency FSL Interventions to Affected Populations in Blue Nile and White Nile States ,HSDN24-FSC-209001-1,209001,2446448,"20.3 million People in Sudan are now experiencing high levels on food insecurity (IPC Phase 3+), this accounts for 42% of the total population. The implications of the ongoing war including displacement and disruption to agricultural production are likely to exacerbate the situation. The target loca...",,,,,Food Security and Livelihoods,,,
"Improving FSL status of the most vulnerable populations in Kassala, Gedaref and Blue Nile states.",HSDN24-FSC-209013-1,209013,1296500," Sudan has been in crisis for years, and in mid-April 2023, fighting between the Sudan Armed Forces (SAF) and the Rapid Support Forces (RSF) escalated into a conflict of alarming scale. The dispute began in Khartoum and quickly spread to other areas across the country, resulting in over 12,000 fatal...",,,,,Food Security and Livelihoods,,,
"Protect, Restore and Improve household food and livelihoods security of vulnerable populations for self-reliance in target communities in North Darfur State.",HSDN24-FSC-209065-1,209065,687780,"This Project intends to support the Internally Displaced Persons (IDPs), Returnees, and Vulnerable Host Communities in the localities of El Fasher, Sara Omra and Tawila in North Darfur State of the Republic of Sudan through provision of lifesaving and life sustaining Food Security and Livelihood int...",,,,,Food Security and Livelihoods,,,
"Enhancement of Food Security & Livelihood for farmers and agropastoralists in Rabak,  Eljableen, Tandaliti, Kosti and Elsalam Localities, White Nile States",HSDN24-FSC-209080-1,209080,212533,"The situation in White Nile is a grave humanitarian crisis with more 297,000 refugees prior to the conflict. An additional 144,000 refugees have arrived in White Nile from Khartoum as of the end June UNHCR/COR verified 89,244 individuals. 10 refugee camps were established prior to the crisis and one...",,,,,Food Security and Livelihoods,,,
"Sudan: Lifesaving Food Security and Livelihoods (FSL) response to conflict affected, most vulnerable individuals in West Darfur, Kordofan and Red Sea State.",HSDN24-FSC-209144-1,209144,2505492,"The proposed intervention links and contributes to the Food Security and Livelihoods (FSL) Sector strategic objectives for the upcoming 2024 humanitarian cycle by  
1) improving the food security status of  food insecure, conflict affected people through life-saving and life sustaining food assistan...",332327,Sudan Humanitarian Fund,Concern Worldwide,"Allocation Type: Reserve - 2024 - SHF Reserve for Emergencies (Early Action Food Response to Sudan Food Security Crisis in Darfur and Kordofan)
Emergency Food and Nutrition Response for Food-insecure Population in El Salam and Al Odeya Localities in West Kordofan State, Sudan.
Project Start Date: 2024-05-01 - Project End Date: 2025-02-28
Project Code: CBPF-SUD-24-R-INGO-27592
Emergency Type: Conflict - Violence/clashes",Food Security and Livelihoods,524298,Paid Contribution,Internal
Addressing Adverse Drivers of Human Mobility through Emergency Livelihoods Support in Sudan,HSDN24-FSC-209151-1,209151,3800000,"The project aims to support vulnerable mobile populations, including internally displaced persons (IDPs) and migrants as well as their host communities to address food insecurity and enhance socioeconomic stability through improving access to livelihood opportunities. This will be achieved through s...",335383,UN Peacebuilding Fund,International Organization for Migration,"Strengthening the Security - Climate Nexus in Gedaref, Sudan",Food Security and Livelihoods,990000,Paid Contribution,Incoming
"Strengthening Food security and Livelihoods for IDPs, Host community in Sudan",HSDN24-FSC-209156-1,209156,3000000,"Central Darfour ,West Darfour, White Nile and Blue Nile States depend largely on agricultural production for household food security and livelihoods. Low farmer capacity, poorly functioning market systems, increased climate related shocks and stresses, and decades of insecurity which worsen after th...",,,,,Food Security and Livelihoods,,,
"Provision of life-saving emergency agriculture and Livestock/veterinary inputs to conflict affected newly displaced persons  at   Nyala south and North, South Darfur State",HSDN24-FSC-209209-1,209209,88000,This project aims to provide life-saving support to contribute to the reduction of morbidity associated with malnutrition and prevent livelihood depletion of conflict affected newly displaced persons through responding to immediate food security & livelihood and protection needs of the target popula...,,,,,Food Security and Livelihoods,,,
FOOD CRISIS RESPONSE FOR PEOPLE AFFECTED BY CONFLICT IN SUDAN,HSDN24-FSC-209219-1,209219,414799765,"The ongoing conflict has led of widespread displacement, economic crisis and disruption of food production. Approximately 17.7 million people are facing high level of acute food insecurity across Sudan.  Of those, about 4.9 million are in IPC Phase 4 (Emergency), and almost 12.8 million people are i...",339973,European Commission's Humanitarian Aid and Civil Protection Department,World Food Programme,Food Security -Food Assistance,Food Security and Livelihoods,10548523,Paid Contribution,Incoming
Life-saving Livelihood Support for Conflict-Affected Households in Sudan,HSDN24-FSC-209242-1,209242,2356800,"This project aims to improve the food security and livelihoods of 45,700 Sudanese (50 % female, 50 % male) who have been affected by the ongoing conflict in the country. Specifically, the project target areas include North Darfur, North Kordofan, South Kordofan, White Nile, and Kassala States. These...",,,,,Food Security and Livelihoods,,,
"Food security support to crisis affected populations in Al Jazira, Gedaref, White Nile, Khartoum and Blue Nile states.",HSDN24-FSC-209267-1,209267,525000,"IRC intends to target crisis affected communities with livelihoods activities to cushion them, the affected communities in various states needs to recover from the shocks, the crisis and the economic collapse,  The IRC team intends to target men and women in host communities to be able to produce st...",317591,"Sweden, Government of",International Rescue Committee,"Life-saving WASH and locally-led emergency response services in West and North Darfur, Sudan  ",Food Security and Livelihoods,33266,Commitment,Incoming
"Provision of livelihood and agricultural support to the conflict affected populations in Darfur, Eljazeera, Khartoum, Red Sea, Gadaref, South Kordofan, and Northern State",HSDN24-FSC-209292-1,209292,4200000,"The HRP for 2024 highlight that total food availability in Sudan for the 2023/24 consumption year is expected to be significantly below average due to below-average domestic cereal harvests, i depleted food stocks and bureaucratic and insecurity-related challenges impeding food assistance deliveries...",338127,Sudan Humanitarian Fund,United Peace Organization,"Allocation Type: Reserve - 2024 - SHF Reserve for Emergencies (Area-based food production support)
Area-based food production support 2024 - Provision of FSL, Protection, NFI, Health and Nutrition Assistance in Saraf Omra locality, North Darfur
Project Start Date: 2025-02-01 - Project End Date: 2026-01-31
Project Code: CBPF-SUD-24-R-NGO-34684
Emergency Type: Conflict - Violence/clashes",Food Security and Livelihoods,202230,Paid Contribution,Internal
"Supporting the Food Security and Livelihood in Elsuki, Sinja, Abu Hugar and Eldindir localities in Sinnar State",HSDN24-FSC-209295-1,209295,219270,"The general food security situation in Sinnar state has been affected in the last months [the ongoing armed war that recently broke out in Sudan. According to updated population table for the projection period: October 2023 – February 2024 that conducted by the IPC team, Sinnar State indicated that ...",,,,,Food Security and Livelihoods,,,
Emergency FSL Interventions to Affected Populations in West and Central Darfur States ,HSDN24-FSC-209328-1,209328,3241544,"20.3 million People in Sudan are now experiencing high levels on food insecurity (IPC Phase 3+), this accounts for 42% of the total population. The highest levels of severity and prevalence of food insecurity in Sudan are reported in the Greater Darfur. The implications of the ongoing war including ...",,,,,Food Security and Livelihoods,,,
"Improvement of Food Security and livelihood of vulnerable households in Elfashaga, El Faw, Wasat Elgadarif, Western Galabat, Elmafaza and Galelnahal localities in Gadarif State",HSDN24-FSC-209350-1,209350,232108,The situation in Gadarif State is deteriorating due to the recent conflict erupted in Sudan. According to the conflict large number of people have displaced to Gadarif State and the humanitarian crisis has observed. The conflict resulted in in poor production in agriculture as the prices of fuel is ...,,,,,Food Security and Livelihoods,,,
Protecting and rebuilding livelihood assets for IDPs and host communities in Gadaref and White Nile states,HSDN24-FSC-209362-1,209362,698466,"A major humanitarian emergency has occurred following the December 15 2023 Sudan`s conflict spread to Al Jazeera state and the IOM estimated that 40,750 IDPs had found refuge in White Nile as of January 8. According to an NRC assessment report (Dec 2023-Jan 2024). Similar conditions are being encoun...",,,,,Food Security and Livelihoods,,,
"Integrated response to emergency needs in WASH, Child Protection, FSL and NFI-Shelter Health and Protection for recently displaced populations and other disaster-affected people in Sudan – FSL",HSDN24-FSC-209382-1,209382,356816,"This is a complex 6-month intervention that aims to Improve the food security and livelihoods for war-affected populations through various areas in Darfur, Khartoum and Jazeera. 3 months into the conflict, the total estimate of IDPs across Sudan reached 2.6 million. The critical needs of 5,855,848 I...",318619,"France, Government of",Triangle Génération Humanitaire,"Response forEmergency Food and Nutrition toConflict-Affected Populations (REFRAME) in Bendasi Locality, Central Darfur State, Sudan - APP 2024",Food Security and Livelihoods,547645,Commitment,Incoming
"Restoring and improving food and Nutrition security (17600 )venerable farming and postural household (408,000 Individuals )in South Darfur state localities : Khazan Jaded,Shearia ,Bulbul Tembscou,Bulbul Abjazoo,Bulbul Dlalalangra,Blel,Kashlngo,Kateela,Shargaljble.",HSDN24-FSC-209388-1,209388,1320000,"On 15/April. War erupted between Sudanese Armed Forces (SAF)&RSF) in Nyala Town 
No one was considered this war the fight is took place as 3pm,in Ramadan all
The purple consedr that th war will ended not more than one week 
Put massive attack by the heavy bumb from the safe to northern 
Part of nyal...",,,,,Nutrition,,,
"Restoring and improving crop and livestock-based livelihoods of IDPs, Returnees, Vulnerable Resident Population and Refugees    South Darfur         & East Darfur Localities ",HSDN24-FSC-209721-1,209721,1612800,"On 15/April. War erupted between Sudanese Armed Forces (SAF)&RSF) in Nyala Town 
No one was considered this war the fight is took place as 3pm,in Ramadan all
The purple consedr that th war will ended not more than one week 
Put massive attack by the heavy bumb from the safe to northern 
Part of nyal...",,,,,Food Security and Livelihoods,,,
Food Assistance and Nutrition Support to IDPs and Host Communities in Central & West Darfur and Red Sea States ,HSDN24-FSC;NUT-209316-1,209316,2357306,"As a result of conflict, massive displacement and economic decline, 20.3 million people in Sudan, accounting for more than 42% of the country's population, experienced high levels of acute food insecurity (classified as Integrated Phase Classification – IPC - Phase 3 or above – Crisis, Emergency or ...",,,,,Nutrition,,,
" Improving the living conditions and life-sustaining basic services of IDPs and Host communities present in Ombada, Jebel Awlia, Hag yousif, Sharq Elneel and Bahry Localities during crises in Khartoum State ",HSDN24-FSC;PRO-209129-1,209129,589435,"
The conflict between SAf and RSF in April 15th began in Khartoum and extended to the other states , after nine months Sudan facing one of the fastest unfolding crises globally, with unprecedented needs emerging in such a short period, The internally displaced people (IDPs) are originally from 12 st...",,,,,Food Security and Livelihoods,,,
"Integrated Food Security and Livelihood Response and Gender-Based Violence for IDPs, Returnees, and Vulnerable Host Communities in Ed Damazine, Ar Rusayris, and Al Kurmuk in Blue Nile.",HSDN24-FSC;PRO-209304-1,209304,1247961,"This project is in line with the Food Security and Livelihoods (FSL) sector objective (SO1and SO2)and the GBV sector’s Strategic Objectives (SO1 & SO 2), part of the revised HRP 2023, which was done mainly to respond to the current conflict in Sudan(15 April 2024) and due to this emergency situation...",,,,,Food Security and Livelihoods,,,
Provision of multisector assistance to the vulnerable IDPs and Host communities in Red Sea & and Kassala States,HSDN24-FSC;PRO;EDU-209289-1,209289,1478231,"The main humanitarian needs in Sudan are a result of instability and recurrent conflicts. This project aims to address these needs through a multi-sector approach that aligns with the strategic objectives of the Food Security and Livelihoods, Education, and Gender-Based Violence sectors. It is part ...",,,,,Food Security and Livelihoods,,,
"Providing multi-sectoral assistance to vulnerable communities in the Red Sea, River Nile, Northern, and Gedaref states",HSDN24-FSC;PRO;EDU-209314-1,209314,3037482,"Amidst political turmoil, Sudan’s children were already in the middle of devastating crises severely hampering their chances to survive. In a country with 49.7 million people population predominantly (72%) children, adolescents, and young adults aged 0 to 24 years;7 million children are out-of-schoo...",,,,,Food Security and Livelihoods,,,
Emergency Response to Health needs in Darfur States and Khartoum,HSDN24-HEA-208929-1,208929,2961800,"Khartoum and Darfur region are considered the most affected area in Sudan’s ongoing war, with people's needs increasing day by day due to a lack of assistance provided to the Region. SUDO aims to provide health services to the affected people of Khartoum and Darfur. More than 11 million people in Da...",,,,,Health,,,
Provision of emergency life saving health services to conflict affected population .,HSDN24-HEA-208942-1,208942,4000000,"Plan international through this project will provide life saving and emergency health services in 21 health centers through out 21 localities across the 4 targeted programme areas: White Nile (Ad Diwaim, Aj Jabalain, As Salam / Ar Rawat, Guli, Kosti, Rabak, Tendalti, Um Rimta), North Kurdufan (Sheik...",,,,,Health,,,
"Provision of basic health services with focus on primary health care services in Khartoum, North, South and West Darfur States  in Sudan",HSDN24-HEA-208945-1,208945,1450000,"The health cluster seeks to reduce avoidable morbidity and mortality for conflict-affected people, with a strong emphasis on ensuring accountability to affected populations. In line with the cluster strategy, HDPO plans to provide quality basic health service focusing on integrated primary health ca...",,,,,Health,,,
"Provision of Lifesaving SRHR services for most vulnerable and in-need population, Sudan, 2024",HSDN24-HEA-209066-1,209066,18653662,"In addition to the ongoing war, the country remains prone to various risks and hazards such as floods, inter communal violence, displacement, climatic shocks, disease outbreaks, food insecurity, malnutrition, protection risks and deteriorating economic status, leading to an increased risk of uninten...",333682,Central Emergency Response Fund,United Nations Population Fund,"Allocation Type: Rapid Response - CERF Rapid Response: Sudan 2024 (Famine)
Enhancing Access to Lifesaving Integrated SRH, SGBV, and MHPSS Services for Women, Girls, and Vulnerable Populations in Areas at Risk of Famine
Project Start Date: 2024-12-04 - Project End Date: 2025-06-03
Project Code: CERF-SDN-24-RR-FPA-33780
Emergency Type: Conflict - Displacement",Health,1809000,Paid Contribution,Incoming
Insulin and Renal Dialysis Kits For Sudan ,HSDN24-HEA-209147-1,209147,3200000,"The aim of this project is to sustain continues supply of Insulin and Adult Heamodialysis kits to avoid preventable mortality among diabetics and renal failure patients. 
UNDP has been procuring those two life saving items for Sudan National Medical Supplies Fund since 2017 through funds provided by...",330223,"Sudan, Government of",United Nations Development Programme,"Health	Procurement Support to Federal Minsitry of Health Governmnet of Sudan",Health,4700000,Commitment,Incoming
Provision of Essential Humanitarian Health Services for People in Need in Sudan 2024,HSDN24-HEA-209174-1,209174,16234200,"This project aims at increasing access to quality lifesaving and life-sustaining essential health services for vulnerable and needy population during humanitarian situations in Sudan, 2024.
The project is targeting Khartoum, Red Sea, Gedaref, Sennar, Blue Nile, White Nile, Gezira, North Darfur, West...",335048,Sudan Humanitarian Fund,Save the Children,"Allocation Type: Reserve - 2024 - SHF Reserve for Emergencies (Area-based food production support)
Emergency provision of integrated health, nutrition, FSL and WASH assistance to vulnerable conflict affected populations in Habila, Heiban and Dilling localities of South Kordofan state
Project Start Date: 2025-01-01 - Project End Date: 2025-12-31
Project Code: CBPF-SUD-24-R-INGO-34474
Emergency Type: Conflict - Violence/clashes",Health,328127,Paid Contribution,Internal
"Provision of healthcare and lifesaving interventions for the IDPs communities and host communities in Northern, River Nile, Red Sea and Khartoum states ",HSDN24-HEA-209191-1,209191,2776165,"SAPA (Sudanese American Physicians Association) is implementing a comprehensive health response intervention in Sudan to address the ongoing conflict's impact on healthcare. The purpose of these interventions is to provide essential primary and emergency health services, strengthen disease surveilla...",,,,,Health,,,
Enhancing Emergency Health Preparedness and Response Capacity for Vulnerable Populations in Sudan ,HSDN24-HEA-209211-1,209211,23600000,"Under the general guidance of the Health Cluster strategic objectives and cluster activities for 2024, IOM is planning to facilitate meaningful access to quality Primary Healthcare Centres (PHC) and services for IDPs and crisis-affected population through fixed and mobile health clinics as detailed ...",326946,"Korea, Republic of, Government of",International Organization for Migration,"Sudan and Neighbouring Countries Crisis Response Plan 2024
Multi-Sector	Flexible funding covering lifesaving health, WASH, NFI, and livelihoods (higher education) programming",Health,112800,Paid Contribution,Incoming
"Paediatric Health services in Red Sea, Khartoum and South Darfur States",HSDN24-HEA-209230-1,209230,4000000,"The project aims at decreasing the high morbidity and mortality rate across Sudan by providing life-saving access to scarcely available services with an integrated approach covering multiple sectors. The access to free primary and secondary healthcare for 40,000 children 0-14 will be ensured through...",340350,European Commission's Humanitarian Aid and Civil Protection Department,EMERGENCY - Life Support for Civilian War Victims ONG Onlus,Life-saving health care for paediatric population affected by the protracted crisis in Sudan,Health,729395,Commitment,Incoming
Continuity of cardiac specialised health care service provision in Khartoum State,HSDN24-HEA-209238-1,209238,6750000,"The project aims at decreasing the high morbidity and mortality rate across Sudan by providing life-saving access to INR consultations and specialised cardiac consultations and surgeries in response to the effect of the Rheumatic Heart Disease (RHD), to decrease the prevalence of chronic cardiac dis...",332427,Sudan Humanitarian Fund,EMERGENCY - Life Support for Civilian War Victims ONG Onlus,"Allocation Type: Reserve - 2024 - SHF Reserve for Emergencies (Sustaining Lifesaving Healthcare: Supporting the Salam Centre Amid Sudan's Crisis)
Provision of life-saving healthcare services for the vulnerable and conflict-affected population of Khartoum in response to the humanitarian crisis in Sudan
Project Start Date: 2024-07-24 - Project End Date: 2025-07-23
Project Code: CBPF-SUD-24-R-INGO-32787
Emergency Type: Disease Outbreak - Other disease outbreak",Health,4000000,Paid Contribution,Internal
Waste management System including medical waste in Kassala Health Citadel,HSDN24-HEA-209298-1,209298,382820,Kassala health Citadel is a new intervention sponsored mainly by the Italian Government and includes some existing facilities in addition to new facilities. In all these facilities there is no proper methodology of waste management especially the medical waste. All existing facilities inside the cit...,,,,,Health,,,
Support Provision of integrated quality lifesaving health emergency and essential health care activities for IDPs and vulnerable communities in response to different health emergencies in Sudan,HSDN24-HEA-209313-1,209313,50005000,"The escalation of  conflict in Sudan between the Sudanese Armed Forces (SAF) and the Rapid Support Forces (RSF) added a new dimension to an already deteriorating humanitarian situation in the country as, ten months on, the violence continues to make healthcare delivery increasingly difficult. , Suda...",333696,Central Emergency Response Fund,World Health Organization,"Allocation Type: Rapid Response - CERF Rapid Response: Sudan 2024 (Famine)
Addressing critical health and nutrition services in Famine risk areas and cholera outbreak response in Sudan
Project Start Date: 2024-10-15 - Project End Date: 2025-04-14
Project Code: CERF-SDN-24-RR-WHO-33784
Emergency Type: Conflict - Displacement",Health,4750001,Paid Contribution,Incoming
Rehabilitation of The Psychiatric Department in Kassala Teaching Hospital,HSDN24-HEA-209322-1,209322,5218300,"The Department of Psychiatrics in Kassala Teaching Hospital is the only department that provides the health care in this specialization in kassala state. The services provided to all kassala residents as well as the refugees and the current IDPs. 
It is know that Kassala has received a considerable ...",,,,,Health,,,
Rehabilitation of the Emergency/ Surgery Room in Kassala Teaching Hospital,HSDN24-HEA-209324-1,209324,5698765,"Kassala Teaching Hospital is the main hospital in Kassala State. The emergency/ surgery room is the only one, currently, in kassala state which provides the services for the whole of the state's residents in addition to the refugees and the current IDPs. This emergency room is currently working with...",,,,,Health,,,
"Delivery of Life-saving Healthcare Services to Conflict-affected Communities in Gedaref, Khartoum, South Kordofan, Blue Nile, White Nile, Red Sea, and Jazira states",HSDN24-HEA-209349-1,209349,7405320,"The project aims to reduce excess morbidity and mortality through improving access to life-saving preventive and curative health services in Jezira, White Nile, Red Sea, Gedaref, Khartoum, South Kordofan, and Blue Nile states in Sudan. The main beneficiaries are persons affected by the recent crisis...",335939,Sudan Humanitarian Fund,International Rescue Committee,"Allocation Type: Reserve - 2024 - SHF Reserve for Emergencies (Area-based food production support)
Emergency Health, WASH and Protection response to internally displaced persons (IDPs) and host communities in Region (R1) with a focus on hard- to- reach communities
Project Start Date: 2025-02-01 - Project End Date: 2026-01-31
Project Code: CBPF-SUD-24-R-INGO-34526
Emergency Type: Conflict - Displacement",Health,588500,Paid Contribution,Internal
World Vision Sudan's Provision of life Saving Health interventions for the most in Need ,HSDN24-HEA-209376-1,209376,4982000,"The World Vision implementation for 2024 is majorly guided by the Humanitarian Needs overview focusing on the current Sudan Crisis that has generated. World Vision will continue its operations in South Darfur, South Kordofan, East Darfur and Blue Nile. Due to the conflict that is persistently loomin...",332528,Sudan Humanitarian Fund,World Vision International,"Allocation Type: Reserve - 2024 - SHF Reserve for Emergencies (Lifesaving response to displacement and famine in Sudan)
Multisector IDP and Famine Emergency Response in Ed Diaen, East Darfur
Project Start Date: 2024-11-24 - Project End Date: 2025-11-23
Project Code: CBPF-SUD-24-R-INGO-33526
Emergency Type: Conflict - Displacement",Health,203300,Paid Contribution,Internal
Kassala Isolation Center for Endemic Diseases in Kassala State in Kassala Health Citadel,HSDN24-HEA-209378-1,209378,1236950,"The State is characterize by long term poverty, under development, high malnutrition rate , cyclic diseases outbreaks (AWD, DF, Measles, chik, etc), high prevalence rate of endemic diseases (Malaria, TB, schistosomiasis ), Prone to natural disasters like floods (Algash river) and drought, Presence o...",,,,,Health,,,
"Provision of Primary Health Services for the Conflict and Vulnerable Communities in the states of Aljazeera, Gedaref, Northern Sate, Khartoum, South Kordofan, and the five Darfur Sates ",HSDN24-HEA-209379-1,209379,1820000,"The conflict that erupted in April 2023 in Sudan has decimated the country’s public infrastructure, including the health system. The health care system is suffering from an acute lack of staff, funding and medical supplies in addition to repeated attacks, looting and occupation of medical facilities...",338126,Sudan Humanitarian Fund,United Peace Organization,"Allocation Type: Reserve - 2024 - SHF Reserve for Emergencies (Area-based food production support)
Area-based food production support 2024 - Provision of FSL, Protection, NFI, Health and Nutrition Assistance in Saraf Omra locality, North Darfur
Project Start Date: 2025-02-01 - Project End Date: 2026-01-31
Project Code: CBPF-SUD-24-R-NGO-34684
Emergency Type: Conflict - Violence/clashes",Health,231120,Paid Contribution,Internal
Health Emergency Response with Provision of Quality Life-Saving Health Services to The Children and Mothers in Hot Spot Areas in Sudan 2024,HSDN24-HEA-209463-1,209463,209081131,"In line with the UNICEF Humanitarian Action Appeal and the Health Cluster Humanitarian
Response Plan For The 2024 Humanitarian Program, the project is aimed at achieving
equitable health outcomes for the vulnerable, most-in-need and hardest-to-reach children.
This will be achieved through addressing...",343056,European Commission's Humanitarian Aid and Civil Protection Department,United Nations Children's Fund,"Support the delivery of essential health, nutrition and WASH supplies and services to address the needs of the most vulnerable mothers and children in Sudan.
----- Health",Health,2816872,Commitment,Incoming
"Provision of Lifesaving Health Emergency and Recovery Response to IDPs and Host Communities in North Darfur, Sennar, River Nile, Red Sea, Al Jazirah, and Blue Nile states",HSDN24-HEA-209578-1,209578,8200000,"Through the proposed project, Relief International (RI) intends to reach 691,168 (M:
331,761 and F: 359,407) individuals and will provide quality emergency lifesaving and
recovery services to conflict- and natural disaster-affected IDPs and host communities in
6localities in North Darfur (Elfasher 1...",332581,Sudan Humanitarian Fund,Relief International,"Allocation Type: Reserve - 2024 - SHF Reserve for Emergencies (Rapid funding to newly emerging humanitarian needs 5)
Strengthening Secondary Healthcare Services in Al Managil, Al-Jazirah State
Project Start Date: 2024-12-01 - Project End Date: 2025-11-30
Project Code: CBPF-SUD-24-R-INGO-34038
Emergency Type: Conflict - Displacement",Health,1869999,Paid Contribution,Internal
Emergency support by basic survives for IDPs and vulnerable host communities in Blue Nile state ,HSDN24-HEA;FSC-208904-1,208904,1207337,"From 15 April 2023, armed clashes erupted between the Sudanese Armed Forces (SAF) and the Rapid Support Forces (RSF) in multiple cities across Sudan, IOM report estimates that 6.1 Million individuals (242,666 households) taking refuge inside and outside the country, as a result of the conflict. In B...",,,,,Health,,,
"Enhancing Community Resilience through Integrated Service Delivery in West Jabal Marra, and Zalingei Central Darfur, Sudan (ECR-ISD Project)",HSDN24-HEA;NUT-208857-1,208857,785967,"Sudan is facing a complex humanitarian crisis, with more than 7.4 million people displaced inside and outside the country since fighting broke out between the Sudanese Armed Forces (SAF) and the Rapid Support Forces (RSF) on 15 April 20231. The conflict has spread to central and eastern Sudan, affec...",,,,,"Health, Nutrition",,,
" Promoting Health & Nutrition   Coverage 8 localities  in East Darfur State  Targeting IDPs ,Returnees and Host Community  ",HSDN24-HEA;NUT-208915-1,208915,2665250,"There is significant vulnerability of the overall population IDPs & Returnees  due to lack of access by government services, and ongoing insecurity. SMoH presence is thin due to low capacity and proximity to rebel-held areas in ED and rural, hard to reach are prior to ARCO intervention, only 20% of ...",,,,,"Health, Nutrition",,,
"Provision of health and nutrition lifesaving interventions for IDPs and host community and vulenrable residents in South Darfur, East Darfur, Al Jazeera, Khartoum, Kassala and Gedaref states",HSDN24-HEA;NUT-208949-1,208949,7074163,"The project aims at improving equitable access to quality lifesaving curative and preventive services through the provision of primary health care and nutrition interventions. This will contribute at reducing morbidity and mortality including those related to vaccine preventable diseases, maternal c...",337022,Sudan Humanitarian Fund,Alight,"Allocation Type: Reserve - 2024 - SHF Reserve for Emergencies (Area-based food production support)
{Consortium} Strengthening Food Security and Resilience through Integrated FSL, Health, Nutrition, and WASH services in Conflict-Affected Al-Nuhud, West Kordofan, Sudan
Project Start Date: 2025-02-01 - Project End Date: 2026-01-31
Project Code: CBPF-SUD-24-R-INGO-34622
Emergency Type: Conflict - Violence/clashes",Health,164771,Paid Contribution,Internal
"Enhancing Integrated Lifesaving Health and Nutrition Response in West Darfur, Central Darfur, Khartoum, Blue Nile, Jazeera and South Kordofan States of Sudan",HSDN24-HEA;NUT-209016-1,209016,5600000,"The project aims at providing Emergency healthcare and nutrition services to respond to the needs of the conflict affected people in new and existing areas of operations to IDPs, Returnees, pastoralist and most vulnerable communities in 6 states of Sudan, namely: Khartoum, Central Darfur, Blue Nile,...",332477,Sudan Humanitarian Fund,World Relief,"Allocation Type: Reserve - 2024 - SHF Reserve for Emergencies (Lifesaving response to displacement and famine in Sudan)
Provision of multisector services in Health, Nutrition, GP/CP/GBV, and S/NFIs to IDPs affected by famine in Krenek and Habila locality of West Darfur.
Project Start Date: 2024-10-27 - Project End Date: 2025-07-26
Project Code: CBPF-SUD-24-R-INGO-33468
Emergency Type: Conflict - Displacement
Emergency Type: Conflict - Violence/clashes",Nutrition,406065,Paid Contribution,Internal
"Health and Nutrition Assistance to the Affected Populations in Khartoum, Algazira,Gadarif , White Nile, South/West Kordofan and East Darfur States",HSDN24-HEA;NUT-209018-1,209018,14627858,"This project aims to continue the delivery of CMAM services for SAM and MAM cases in the 47proposed areas ,13centers in Khartoum,2center in Ummbadda,1center in Sharg Elneel and 5center in Jabal Awlia localities and 5centers in Karrari locality,2centers in Algazira(Madani ),4centers in Gadarif,2 Gada...",,,,,"Health, Nutrition",,,
"Provision of emergency multi-sectoral assistance to conflict-affected populations in Sudan, in Gedaref, and Khartoum",HSDN24-HEA;NUT-209022-1,209022,1185156,"Nine months into the conflict which erupted in April 2023 between the Sudan Armed Forces (SAF) and the Rapid Support Forces (RSF) the total estimate of Internally Displaced People (IDPs) across Sudan has reached 6 million as of January 2024 (IOM DTM). 54% of them are women, and over 50% of them unde...",332577,Sudan Humanitarian Fund,Première Urgence Internationale,"Allocation Type: Reserve - 2024 - SHF Reserve for Emergencies (Rapid funding to newly emerging humanitarian needs 4)
Emergency cholera response and prevention in Gedaref state, Sudan
Project Start Date: 2024-11-15 - Project End Date: 2025-06-30
Project Code: CBPF-SUD-24-R-INGO-33985
Emergency Type: Climate / natural disaster - Flood","Health, Nutrition",535000,Paid Contribution,Internal
"Improve access to  Health and Nutrition  for the humanitarian affected communities in Khartoum, River Nile and Kassala states. ",HSDN24-HEA;NUT-209116-1,209116,2990606,"The continue conflict between Sudanese Armed Forces (SAF) and the Rapid Support Forces (RSF) since April 15th,2023 in Khartoum more than 7.4 million people have fled their homes. 
More and new displacement took place due to clashes in Gazira, 611,000 people displaced in Aj Jazirah. About 205,500 on ...",,,,,"Health, Nutrition",,,
"Health and nutrition response to nationals, IDPs, and Refugees in Gedaref and White Nile states.",HSDN24-HEA;NUT-209272-1,209272,3300000,"The proposed project aims to provide life-saving and essential health and nutrition services for conflict and disaster affected people in need in White Nile and Gedaref States. The targeted localities are Aj Jabalain , and As Salam/ Ar Rawat  in White Nile; Al Fao, Alfashaga, East Galabat, Al Mafaza...",,,,,"Health, Nutrition",,,
Responding to primary health and nutrition care needs for internally displaced people and vulnerable host communities affected by crises in South Kordofan and North Darfur,HSDN24-HEA;NUT-209286-1,209286,2300000,"In collaboration with the State Ministry of Health, the project implemented by ALIMA has for objective to reduce the morbidity and mortality for vulnerable host and displaced populations, including women and children, affected by the crisis in Kadugli and Reif Arshargi localities in South Kordofan a...",,,,,"Health, Nutrition",,,
" Provision of Integrated Lifesaving Health, Nutrition and Social Behaviour Change Interventions in two Localities in West Darfur State",HSDN24-HEA;NUT-209384-1,209384,764420,"These interventions respond to the urgent needs arising from the conflict, food security, and dry spell in West Darfur. Inter-communal violence has flared up considerably since November 2021, in Jebel Moon, Sirba and Kreneik localities. The failed 2021 rainy season has put considerable pressure on t...",,,,,"Health, Nutrition",,,
"Integrated Multi-Sectorial Humanitarian Response Through Provision of Protection,Health & Nutrition to Affected Population in West Darfur",HSDN24-HEA;NUT;PRO-208825-1,208825,7883764,"The situation in Sudan has significantly worsened since the last update on humanitarian needs was released in May June 2023The conflict in Sudan, which began on 15 April 2023.The humanitarian crisis in Sudan has peaked intensively since the armed conflict took place between the Rapid Support Forces ...",,,,,"Health, Nutrition, Protection",,,
Provision of integrated package of Health and Nutrition services mainstreamed by protection interventions for war affected IDPs and resident vulnerable host communities in West Kordofan,HSDN24-HEA;NUT;PRO-208889-1,208889,567773,"IRW contributing to provide integrated health, nutrition and protection services to affected IDPs and host communities in WK, those impacted by current war between Sudanese Armed Forces (SAF) and Rapid Support Forces (RSF). The intervention targets El Nuhud and El Khoway Localities. Delivered servic...",,,,,"Health, Nutrition",,,
"Supported integrated basic life-saving services to vulnerable populations in Darfur, Sudan",HSDN24-HEA;NUT;PRO-208953-1,208953,1090300,"The Darfur states remain one of the areas worst-affected  by the ongoing conflict which erupted in April 2023 between the Sudan Armed Forces (SAF) and the Rapid Support Forces (RSF), which is heavily impacting civilians and has triggered in Sudan the world's largest displacement crisis. The project'...",277098,"Sweden, Government of",Première Urgence Internationale,Humanitarian initial allocation 2023,Nutrition,781667,Paid Contribution,Incoming
"Integrated response to emergency needs in Nutrition, Health and Protection for recently displaced populations and other disaster-affected people in West Darfur",HSDN24-HEA;NUT;PRO-208997-1,208997,5507105,"The Darfur states area remains one of the areas worst-affected by the ongoing conflict which erupted in April 2023 between the Sudan Armed Forces (SAF) and the Rapid Support Forces (RSF), which is heavily impacting civilians and has triggered in Sudan the world's
largest displacement crisis. The ove...",308602,"Sweden, Government of",Première Urgence Internationale,"In Sudan PUI  proposes a continuation of its project that provides health and nutrition support in West Darfur, one of the conflict’s hot spots. The project has currently been limited to Al Geneina but PUI seeks to expand to other localities.",Health,1173824,Commitment,Incoming
"Integrated emergency response through access to quality basic health, nutrition and psychosocial support services to conflict-affected populations in Eastern Sudan ",HSDN24-HEA;NUT;PRO-209007-1,209007,5000000,"PUI seeks to improve the emergency response to populations most affected by the conflict, IDPs and host communities, in Eastern Sudan, providing a multi-sectoral and integrated intervention in Health, Nutrition and PSS in Al Jazirah and Gedaref States.  The specific objectives are to i) improve imme...",,,,,Multi-sectoral,,,
Telehealth for Vulnerable Populations & Life-Saving Health Information Management for Quantification & Coordination of Humanitarian Aid,HSDN24-HEA;NUT;PRO-209329-1,209329,7502825,A HIPAA compliant digital healthcare platform to provide multi-cluster life-saving telehealth services for crisis affected people to reduce mortality & morbidity and improve vulnerable people’ s access to life-sustaining basic services. It enables granular data to be collected from the community lev...,,,,,Health,,,
Provide SRH \ MISP services for GBV survivors from IDPs and Host community \ White Nile & Red Sea states.,HSDN24-HEA;PRO-208891-1,208891,186840,"SFPA is a Member Association(MA) with IPPF and working in line with the fifth-year strategy of IPPF 2023-2028 which is aligned with SDGs 2030 and ICPD commitments. It is a leading NGO in the area of maternal health, women empowerment, and youth protection through providing SRHR targeting hard-to-rea...",,,,,Multi-sectoral,,,
  To increase equitable access and utilization of quality lifesaving Health and WASH services in White Nile State.,HSDN24-HEA;WSH-208823-1,208823,800000,"Three million children under-five years of age currently suffer from acute malnutrition in Sudan. Of these 3 million children, and 
with food insecurity on the rise in Sudan, UNICEF and partners estimate 650,000 children under-five will be suffering from severe. acute watery diarrhea malaria and ARI...",,,,,Nutrition,,,
Missed People and Dead Bodies Management with Environmental Health Integration,HSDN24-HEA;WSH-209732-1,209732,285984,"Summary Project Proposal: Missed People and Dead Bodies Management with Environmental Health Integration

Project Overview:
This project is designed to ensure the proper and dignified management of dead bodies and facilitate the identification process while concurrently addressing critical environme...",,,,,Health,,,
"Integrated Response for the Conflict and natural disaster Affected Population of South Kordofan and North Darfur States, Sudan",HSDN24-HEA;WSH;FSC;NUT-208814-1,208814,6474563,"
The conflict between the Sudanese Armed Forces (SAF) and the Rapid Support Forces (RSF) has caused tremendous displacement and exacerbated pre-existing humanitarian needs across Sudan. As of end 2023, over 7 million Sudanese families are displaced. In response to identified needs within the Sudan H...",343011,European Commission's Humanitarian Aid and Civil Protection Department,GOAL,"Multi-sector emergency lifesaving response for populations in North Darfur and South Kordofan that are affected by conflict, climate shocks or epidemic outbreaks, including resident populations in IPC 3+ areas
----- Nutrition",Nutrition,323086,Commitment,Incoming
"Provide Integrated Lifesaving Gender Responsive Health, Nutrition, WASH, Food Security & Livelihoods and Protection Support to Reduce Risks and Improve the well-being of IDPs, returnees, and host communities in Khartoum, South Darfur, East Darfur, Kassala, Gedaref, Al-Gezira and South Kordofan.",HSDN24-HEA;WSH;FSC;NUT;PRO-208935-1,208935,53206730,"This intervention by CARE international in Sudan is designed to deliver a comprehensive FSL, WASH, health, nutrition, and protection package to IDPs, returnees and host communities and residents living in unsafe environments in South Darfur, East Darfur, Kassala, Gedaref, Al Jazeera, Khartoum and So...",339410,"Luxembourg, Government of",Care Sudan,"Fourniture d'une assistance humanitaire dans le domaine de l'eau, de l'assainissement et de l'hygiène (WASH) aux personnes déplacées internes et aux communautés d'accueil vulnérables dans les zones touchées par le conflit au Soudan","Water, Sanitation and Hygiene",330396,Commitment,Incoming
"Multi-sector Humanitarian response for conflict and protracted crises affected People in Central Darfur, South Kordofan, White Nile and Blue Nile State, Sudan",HSDN24-HEA;WSH;FSC;NUT;PRO-209315-1,209315,12823434,"Adapting to major changes in Sudan socio-economic and security context, in 2024, ACF will focus on responding to the humanitarian need of conflict affected people, particularly IDPs and refugees, through multi-sector approach while scaling up its operation area in additional localities and cities wi...",321283,"France, Government of",Acción Contra el Hambre - Spain,"Réponse humanitaire multi-sectorielle pour les populations touchées par le conflit et vulnérables dans l'État du Darfour Central, Soudan",Food Security and Livelihoods,785734,Paid Contribution,Incoming
"  Integrated response to nutrition, health and WASH emergencies affecting populations affected by conflict and displacement in Sudan's most severely affected regions.",HSDN24-HEA;WSH;NUT-209042-1,209042,1071527,"The humanitarian crisis in Sudan, exacerbated by fighting that began in April 2023, has led to significant increases in humanitarian needs, particularly for the displaced population. Over 7.4 million people have been displaced, both within and outside Sudan, severely straining the already fragile he...",332551,Sudan Humanitarian Fund,MedGlobal,"Allocation Type: Reserve - 2024 - SHF Reserve for Emergencies (Lifesaving response to displacement and famine in Sudan)
Enhancing Access to Lifesaving Health, Nutrition, and WASH Services for Displaced Populations and Famine Response in Aldaba
Project Start Date: 2024-10-14 - Project End Date: 2025-10-13
Project Code: CBPF-SUD-24-R-INGO-33622
Emergency Type: Conflict - Displacement",Nutrition,160288,Paid Contribution,Internal
PROVIDING EMERGENCY ASSISTANCE TO AND IMPROVING WASH AND HEALTH SITUATIONS FOR THE PEOPLE AFFECTED BY THE CONFLICT IN BLUE NILE ,HSDN24-HEA;WSH;NUT-209062-1,209062,2654817,"Following the outbreak of war on April 15th in Sudan, the capital Khartoum, Darfur, and Kordofan states are heavily affected leading to biggest displacement of crisis of in the world with more than 6 million were displaced and more than 1 million have moved outside of the country. The conflict resul...",346664,"Türkiye, Government of",Sudanese Red Crescent,wash,"Water, Sanitation and Hygiene",678115,Paid Contribution,Incoming
"Sudan: Integrated Health, Nutrition and WASH services for conflict affected, most vulnerable population in West Darfur, West Kordofan, South Kordofan and Port Sudan states in Sudan.",HSDN24-HEA;WSH;NUT-209150-1,209150,9500000,"This intervention links to the strategic objectives outlined in the 2024  HRP by providing a life-saving humanitarian intervention through an integrated health, nutrition and WASH package for conflict affected and vulnerable displaced population, their host communities, returnees and other vulnerabl...",332534,Sudan Humanitarian Fund,Concern Worldwide,"Allocation Type: Reserve - 2024 - SHF Reserve for Emergencies (Lifesaving response to displacement and famine in Sudan)
Provsion of Lifesaving  Health and Nutrition response to displaced people and at risk of and famine in West Kordofan Al Odeya Locality
Project Start Date: 2024-10-08 - Project End Date: 2025-07-07
Project Code: CBPF-SUD-24-R-INGO-33536
Emergency Type: Conflict - Displacement",Nutrition,294250,Paid Contribution,Internal
"Multi-Sectoral Response in Khartoum, West Darfur, White Nile and Blue Nile",HSDN24-HEA;WSH;NUT;PRO;SHL-208805-1,208805,5300000,"Medair aims to deliver multi-sectoral lifesaving basic services in health, nutrition, basic Mental Health and Pychosocial Support Service (MHPSS), and water, sanitation, and hygiene (WASH), emergency shelter & non-food items (ES/NFIs) along with strengthening local preparedness and response capaciti...",326446,Swiss Solidarity,MEDAIR,An integrated emergency humanitarian response to conflict-affected populations in Sudan and Chad,Health,288135,Commitment,Incoming
"Integrated life-saving emergency response to IDPs and communities affected by conflict, health and WASH detorioration  , malnutrition and NFI Shortage in Sudan",HSDN24-HEA;WSH;NUT;SHL-209396-1,209396,5535900,"A war between the Sudanese Armed Forces (SAF) under and the paramilitary Rapid Support Forces (RSF) , rival factions of the military government of Sudan, began on 15 April 2023 . Fighting has been concentrated around the capital city of Khartoum ,Kurdufan and the Darfur region.
Despite the tremendou...",,,,,Multi-sectoral,,,
Provision of Common Logistics Services in Sudan,HSDN24-LOG-209299-1,209299,111000000,"The intervention aims to provide Humanitarian actors in Sudan with logistics services, coordination and information management support to enable the humanitarian logistics response in Sudan. The intervention is oriented to enable the humanitarian actors' movement of staff and cargo to and within Sud...",339972,Private (individuals & organizations),World Food Programme,Logistics,Logistics,263337,Paid Contribution,Incoming
,,,,,,,,,,,,
,,,,,,,,,,,,
,,,,,,,,,,,,
,,,,,,,,,,,,
,,,,,,,,,,,,
,,,,,,,,,,,,
,,,,,,,,,,,,
,,,,,,,,,,,,
,,,,,,,,,,,,
,,,,,,,,,,,,
,,,,,,,,,,,,
,,,,,,,,,,,,
,,,,,,,,,,,,
,,,,,,,,,,,,
,,,,,,,,,,,,
,,,,,,,,,,,,
,,,,,,,,,,,,
,,,,,,,,,,,,
,,,,,,,,,,,,
,,,,,,,,,,,,
,,,,,,,,,,,,
,,,,,,,,,,,,
,,,,,,,,,,,,
,,,,,,,,,,,,
,,,,,,,,,,,,
,,,,,,,,,,,,
,,,,,,,,,,,,
,,,,,,,,,,,,
,,,,,,,,,,,,
,,,,,,,,,,,,
,,,,,,,,,,,,
,,,,,,,,,,,,
,,,,,,,,,,,,
,,,,,,,,,,,,
,,,,,,,,,,,,
,,,,,,,,,,,,
,,,,,,,,,,,,
,,,,,,,,,,,,
,,,,,,,,,,,,
,,,,,,,,,,,,
,,,,,,,,,,,,
,,,,,,,,,,,,
,,,,,,,,,,,,
,,,,,,,,,,,,
,,,,,,,,,,,,
,,,,,,,,,,,,
,,,,,,,,,,,,
,,,,,,,,,,,,
,,,,,,,,,,,,
,,,,,,,,,,,,
,,,,,,,,,,,,
,,,,,,,,,,,,
,,,,,,,,,,,,
,,,,,,,,,,,,
,,,,,,,,,,,,
,,,,,,,,,,,,
,,,,,,,,,,,,
,,,,,,,,,,,,
,,,,,,,,,,,,
,,,,,,,,,,,,
,,,,,,,,,,,,
,,,,,,,,,,,,
,,,,,,,,,,,,
,,,,,,,,,,,,
,,,,,,,,,,,,
,,,,,,,,,,,,
,,,,,,,,,,,,
,,,,,,,,,,,,
,,,,,,,,,,,,
,,,,,,,,,,,,
,,,,,,,,,,,,
,,,,,,,,,,,,
,,,,,,,,,,,,
,,,,,,,,,,,,
,,,,,,,,,,,,
,,,,,,,,,,,,
,,,,,,,,,,,,
,,,,,,,,,,,,
,,,,,,,,,,,,
,,,,,,,,,,,,
,,,,,,,,,,,,
,,,,,,,,,,,,
,,,,,,,,,,,,
,,,,,,,,,,,,
,,,,,,,,,,,,
,,,,,,,,,,,,
,,,,,,,,,,,,
,,,,,,,,,,,,
,,,,,,,,,,,,
,,,,,,,,,,,,
,,,,,,,,,,,,
,,,,,,,,,,,,
,,,,,,,,,,,,
,,,,,,,,,,,,
,,,,,,,,,,,,
,,,,,,,,,,,,
,,,,,,,,,,,,
,,,,,,,,,,,,
,,,,,,,,,,,,
,,,,,,,,,,,,
,,,,,,,,,,,,
,,,,,,,,,,,,
,,,,,,,,,,,,
,,,,,,,,,,,,
,,,,,,,,,,,,
,,,,,,,,,,,,
,,,,,,,,,,,,
,,,,,,,,,,,,
,,,,,,,,,,,,
,,,,,,,,,,,,
,,,,,,,,,,,,
,,,,,,,,,,,,
,,,,,,,,,,,,
,,,,,,,,,,,,
,,,,,,,,,,,,
,,,,,,,,,,,,
,,,,,,,,,,,,
,,,,,,,,,,,,
,,,,,,,,,,,,
,,,,,,,,,,,,
,,,,,,,,,,,,
,,,,,,,,,,,,
,,,,,,,,,,,,
,,,,,,,,,,,,
,,,,,,,,,,,,
,,,,,,,,,,,,
,,,,,,,,,,,,
,,,,,,,,,,,,
,,,,,,,,,,,,
,,,,,,,,,,,,
,,,,,,,,,,,,
,,,,,,,,,,,,
,,,,,,,,,,,,
,,,,,,,,,,,,
,,,,,,,,,,,,
,,,,,,,,,,,,
,,,,,,,,,,,,
,,,,,,,,,,,,
,,,,,,,,,,,,
,,,,,,,,,,,,
,,,,,,,,,,,,
,,,,,,,,,,,,
,,,,,,,,,,,,
,,,,,,,,,,,,
,,,,,,,,,,,,
,,,,,,,,,,,,
,,,,,,,,,,,,
,,,,,,,,,,,,
,,,,,,,,,,,,
,,,,,,,,,,,,
,,,,,,,,,,,,
,,,,,,,,,,,,
,,,,,,,,,,,,
,,,,,,,,,,,,
,,,,,,,,,,,,
,,,,,,,,,,,,
,,,,,,,,,,,,
,,,,,,,,,,,,
,,,,,,,,,,,,
,,,,,,,,,,,,
,,,,,,,,,,,,
,,,,,,,,,,,,
,,,,,,,,,,,,
,,,,,,,,,,,,
,,,,,,,,,,,,
,,,,,,,,,,,,
,,,,,,,,,,,,
,,,,,,,,,,,,
,,,,,,,,,,,,
,,,,,,,,,,,,
,,,,,,,,,,,,
,,,,,,,,,,,,
,,,,,,,,,,,,
,,,,,,,,,,,,
,,,,,,,,,,,,
,,,,,,,,,,,,
,,,,,,,,,,,,
,,,,,,,,,,,,
,,,,,,,,,,,,
,,,,,,,,,,,,
,,,,,,,,,,,,
,,,,,,,,,,,,
,,,,,,,,,,,,
,,,,,,,,,,,,
,,,,,,,,,,,,
,,,,,,,,,,,,
,,,,,,,,,,,,
,,,,,,,,,,,,
,,,,,,,,,,,,
,,,,,,,,,,,,
,,,,,,,,,,,,
,,,,,,,,,,,,
,,,,,,,,,,,,
,,,,,,,,,,,,
,,,,,,,,,,,,
,,,,,,,,,,,,
,,,,,,,,,,,,
,,,,,,,,,,,,
,,,,,,,,,,,,
,,,,,,,,,,,,
,,,,,,,,,,,,
,,,,,,,,,,,,
,,,,,,,,,,,,
,,,,,,,,,,,,
,,,,,,,,,,,,
,,,,,,,,,,,,
,,,,,,,,,,,,
,,,,,,,,,,,,
,,,,,,,,,,,,
,,,,,,,,,,,,
,,,,,,,,,,,,
,,,,,,,,,,,,
,,,,,,,,,,,,
,,,,,,,,,,,,
,,,,,,,,,,,,
,,,,,,,,,,,,
,,,,,,,,,,,,
,,,,,,,,,,,,
,,,,,,,,,,,,
,,,,,,,,,,,,
,,,,,,,,,,,,
,,,,,,,,,,,,
,,,,,,,,,,,,
,,,,,,,,,,,,
,,,,,,,,,,,,
,,,,,,,,,,,,
,,,,,,,,,,,,
,,,,,,,,,,,,
,,,,,,,,,,,,
,,,,,,,,,,,,
,,,,,,,,,,,,
,,,,,,,,,,,,
,,,,,,,,,,,,
,,,,,,,,,,,,
,,,,,,,,,,,,
,,,,,,,,,,,,
,,,,,,,,,,,,
,,,,,,,,,,,,
,,,,,,,,,,,,
,,,,,,,,,,,,
,,,,,,,,,,,,
,,,,,,,,,,,,
,,,,,,,,,,,,
,,,,,,,,,,,,
,,,,,,,,,,,,
,,,,,,,,,,,,
,,,,,,,,,,,,
,,,,,,,,,,,,
,,,,,,,,,,,,
,,,,,,,,,,,,
,,,,,,,,,,,,
,,,,,,,,,,,,
,,,,,,,,,,,,
,,,,,,,,,,,,
,,,,,,,,,,,,
,,,,,,,,,,,,
,,,,,,,,,,,,
,,,,,,,,,,,,
,,,,,,,,,,,,
,,,,,,,,,,,,
,,,,,,,,,,,,
,,,,,,,,,,,,
,,,,,,,,,,,,
,,,,,,,,,,,,
,,,,,,,,,,,,
,,,,,,,,,,,,
,,,,,,,,,,,,
,,,,,,,,,,,,
,,,,,,,,,,,,
,,,,,,,,,,,,
,,,,,,,,,,,,
,,,,,,,,,,,,
,,,,,,,,,,,,
,,,,,,,,,,,,
,,,,,,,,,,,,
,,,,,,,,,,,,
,,,,,,,,,,,,
,,,,,,,,,,,,
,,,,,,,,,,,,
,,,,,,,,,,,,
,,,,,,,,,,,,
,,,,,,,,,,,,
,,,,,,,,,,,,
,,,,,,,,,,,,
,,,,,,,,,,,,
,,,,,,,,,,,,
,,,,,,,,,,,,
,,,,,,,,,,,,
,,,,,,,,,,,,
,,,,,,,,,,,,
,,,,,,,,,,,,
,,,,,,,,,,,,
,,,,,,,,,,,,
,,,,,,,,,,,,
,,,,,,,,,,,,
,,,,,,,,,,,,
,,,,,,,,,,,,
,,,,,,,,,,,,
,,,,,,,,,,,,
,,,,,,,,,,,,
,,,,,,,,,,,,
,,,,,,,,,,,,
,,,,,,,,,,,,
,,,,,,,,,,,,
,,,,,,,,,,,,
,,,,,,,,,,,,
,,,,,,,,,,,,
,,,,,,,,,,,,
,,,,,,,,,,,,
,,,,,,,,,,,,
,,,,,,,,,,,,
,,,,,,,,,,,,
,,,,,,,,,,,,
,,,,,,,,,,,,
,,,,,,,,,,,,
,,,,,,,,,,,,
,,,,,,,,,,,,
,,,,,,,,,,,,
,,,,,,,,,,,,
,,,,,,,,,,,,
,,,,,,,,,,,,
,,,,,,,,,,,,
,,,,,,,,,,,,
,,,,,,,,,,,,
,,,,,,,,,,,,
,,,,,,,,,,,,
,,,,,,,,,,,,
,,,,,,,,,,,,
,,,,,,,,,,,,
,,,,,,,,,,,,
,,,,,,,,,,,,
,,,,,,,,,,,,
,,,,,,,,,,,,
,,,,,,,,,,,,
,,,,,,,,,,,,
,,,,,,,,,,,,
,,,,,,,,,,,,
,,,,,,,,,,,,
,,,,,,,,,,,,
,,,,,,,,,,,,
,,,,,,,,,,,,
,,,,,,,,,,,,
,,,,,,,,,,,,
,,,,,,,,,,,,
,,,,,,,,,,,,
,,,,,,,,,,,,
,,,,,,,,,,,,
,,,,,,,,,,,,
,,,,,,,,,,,,
,,,,,,,,,,,,
,,,,,,,,,,,,
,,,,,,,,,,,,
,,,,,,,,,,,,
,,,,,,,,,,,,
,,,,,,,,,,,,
,,,,,,,,,,,,
,,,,,,,,,,,,
,,,,,,,,,,,,
,,,,,,,,,,,,
,,,,,,,,,,,,
,,,,,,,,,,,,
,,,,,,,,,,,,
,,,,,,,,,,,,
,,,,,,,,,,,,
,,,,,,,,,,,,
,,,,,,,,,,,,
,,,,,,,,,,,,
,,,,,,,,,,,,
,,,,,,,,,,,,
,,,,,,,,,,,,
,,,,,,,,,,,,
,,,,,,,,,,,,
,,,,,,,,,,,,
,,,,,,,,,,,,
,,,,,,,,,,,,
,,,,,,,,,,,,
,,,,,,,,,,,,
,,,,,,,,,,,,
,,,,,,,,,,,,
,,,,,,,,,,,,
,,,,,,,,,,,,
,,,,,,,,,,,,
,,,,,,,,,,,,
,,,,,,,,,,,,
,,,,,,,,,,,,
,,,,,,,,,,,,
,,,,,,,,,,,,
,,,,,,,,,,,,
,,,,,,,,,,,,
,,,,,,,,,,,,
,,,,,,,,,,,,
,,,,,,,,,,,,
,,,,,,,,,,,,
,,,,,,,,,,,,
,,,,,,,,,,,,
,,,,,,,,,,,,
,,,,,,,,,,,,
,,,,,,,,,,,,
,,,,,,,,,,,,
,,,,,,,,,,,,
,,,,,,,,,,,,
,,,,,,,,,,,,
,,,,,,,,,,,,
,,,,,,,,,,,,
,,,,,,,,,,,,
,,,,,,,,,,,,
,,,,,,,,,,,,
,,,,,,,,,,,,
,,,,,,,,,,,,
,,,,,,,,,,,,
,,,,,,,,,,,,
,,,,,,,,,,,,
,,,,,,,,,,,,
,,,,,,,,,,,,
,,,,,,,,,,,,
,,,,,,,,,,,,
,,,,,,,,,,,,
,,,,,,,,,,,,
,,,,,,,,,,,,
,,,,,,,,,,,,
,,,,,,,,,,,,
,,,,,,,,,,,,
,,,,,,,,,,,,
,,,,,,,,,,,,
,,,,,,,,,,,,
,,,,,,,,,,,,
,,,,,,,,,,,,
,,,,,,,,,,,,
,,,,,,,,,,,,
,,,,,,,,,,,,
,,,,,,,,,,,,
,,,,,,,,,,,,
,,,,,,,,,,,,
,,,,,,,,,,,,
,,,,,,,,,,,,
,,,,,,,,,,,,
,,,,,,,,,,,,
,,,,,,,,,,,,
,,,,,,,,,,,,
,,,,,,,,,,,,
,,,,,,,,,,,,
,,,,,,,,,,,,
,,,,,,,,,,,,
,,,,,,,,,,,,
,,,,,,,,,,,,
,,,,,,,,,,,,
,,,,,,,,,,,,
,,,,,,,,,,,,
,,,,,,,,,,,,
,,,,,,,,,,,,
,,,,,,,,,,,,
,,,,,,,,,,,,
,,,,,,,,,,,,
,,,,,,,,,,,,
,,,,,,,,,,,,
,,,,,,,,,,,,
,,,,,,,,,,,,
,,,,,,,,,,,,
,,,,,,,,,,,,
,,,,,,,,,,,,
,,,,,,,,,,,,
,,,,,,,,,,,,
,,,,,,,,,,,,
,,,,,,,,,,,,
,,,,,,,,,,,,
,,,,,,,,,,,,
,,,,,,,,,,,,
,,,,,,,,,,,,
,,,,,,,,,,,,
,,,,,,,,,,,,
,,,,,,,,,,,,
,,,,,,,,,,,,
,,,,,,,,,,,,
,,,,,,,,,,,,
,,,,,,,,,,,,
,,,,,,,,,,,,
,,,,,,,,,,,,
,,,,,,,,,,,,
,,,,,,,,,,,,
,,,,,,,,,,,,
,,,,,,,,,,,,
,,,,,,,,,,,,
,,,,,,,,,,,,
,,,,,,,,,,,,
,,,,,,,,,,,,
,,,,,,,,,,,,
,,,,,,,,,,,,
,,,,,,,,,,,,
,,,,,,,,,,,,
,,,,,,,,,,,,
,,,,,,,,,,,,
,,,,,,,,,,,,
,,,,,,,,,,,,
,,,,,,,,,,,,
,,,,,,,,,,,,
,,,,,,,,,,,,
,,,,,,,,,,,,
,,,,,,,,,,,,
,,,,,,,,,,,,
,,,,,,,,,,,,
,,,,,,,,,,,,
,,,,,,,,,,,,
,,,,,,,,,,,,
,,,,,,,,,,,,
,,,,,,,,,,,,
,,,,,,,,,,,,
,,,,,,,,,,,,
,,,,,,,,,,,,
,,,,,,,,,,,,
,,,,,,,,,,,,
,,,,,,,,,,,,
,,,,,,,,,,,,
,,,,,,,,,,,,
,,,,,,,,,,,,
,,,,,,,,,,,,
,,,,,,,,,,,,
,,,,,,,,,,,,
,,,,,,,,,,,,
,,,,,,,,,,,,
,,,,,,,,,,,,
,,,,,,,,,,,,
,,,,,,,,,,,,
,,,,,,,,,,,,
,,,,,,,,,,,,
,,,,,,,,,,,,
,,,,,,,,,,,,
,,,,,,,,,,,,
,,,,,,,,,,,,
,,,,,,,,,,,,
,,,,,,,,,,,,
,,,,,,,,,,,,
,,,,,,,,,,,,
,,,,,,,,,,,,
,,,,,,,,,,,,
,,,,,,,,,,,,
,,,,,,,,,,,,
,,,,,,,,,,,,
,,,,,,,,,,,,
,,,,,,,,,,,,
,,,,,,,,,,,,
,,,,,,,,,,,,
,,,,,,,,,,,,
,,,,,,,,,,,,
,,,,,,,,,,,,
,,,,,,,,,,,,
,,,,,,,,,,,,
,,,,,,,,,,,,
,,,,,,,,,,,,
,,,,,,,,,,,,
,,,,,,,,,,,,
,,,,,,,,,,,,
,,,,,,,,,,,,
,,,,,,,,,,,,
,,,,,,,,,,,,
,,,,,,,,,,,,
,,,,,,,,,,,,
,,,,,,,,,,,,
,,,,,,,,,,,,
,,,,,,,,,,,,
,,,,,,,,,,,,
,,,,,,,,,,,,
,,,,,,,,,,,,
,,,,,,,,,,,,
,,,,,,,,,,,,
,,,,,,,,,,,,
,,,,,,,,,,,,
,,,,,,,,,,,,
,,,,,,,,,,,,
,,,,,,,,,,,,
,,,,,,,,,,,,
,,,,,,,,,,,,
,,,,,,,,,,,,
,,,,,,,,,,,,
,,,,,,,,,,,,
,,,,,,,,,,,,
,,,,,,,,,,,,
,,,,,,,,,,,,
,,,,,,,,,,,,
,,,,,,,,,,,,
,,,,,,,,,,,,
,,,,,,,,,,,,
,,,,,,,,,,,,
,,,,,,,,,,,,
,,,,,,,,,,,,
,,,,,,,,,,,,
,,,,,,,,,,,,
,,,,,,,,,,,,
,,,,,,,,,,,,
,,,,,,,,,,,,
,,,,,,,,,,,,
,,,,,,,,,,,,
,,,,,,,,,,,,
,,,,,,,,,,,,
,,,,,,,,,,,,
,,,,,,,,,,,,
,,,,,,,,,,,,
,,,,,,,,,,,,
,,,,,,,,,,,,
,,,,,,,,,,,,
,,,,,,,,,,,,
,,,,,,,,,,,,
,,,,,,,,,,,,
,,,,,,,,,,,,
,,,,,,,,,,,,
,,,,,,,,,,,,
,,,,,,,,,,,,
,,,,,,,,,,,,
,,,,,,,,,,,,
,,,,,,,,,,,,
,,,,,,,,,,,,
,,,,,,,,,,,,
,,,,,,,,,,,,
,,,,,,,,,,,,
,,,,,,,,,,,,
,,,,,,,,,,,,
,,,,,,,,,,,,
,,,,,,,,,,,,
,,,,,,,,,,,,
,,,,,,,,,,,,
,,,,,,,,,,,,
,,,,,,,,,,,,
,,,,,,,,,,,,
,,,,,,,,,,,,
,,,,,,,,,,,,
,,,,,,,,,,,,
,,,,,,,,,,,,
,,,,,,,,,,,,
,,,,,,,,,,,,
,,,,,,,,,,,,
,,,,,,,,,,,,
,,,,,,,,,,,,
,,,,,,,,,,,,
,,,,,,,,,,,,
,,,,,,,,,,,,
,,,,,,,,,,,,
,,,,,,,,,,,,
,,,,,,,,,,,,
,,,,,,,,,,,,
,,,,,,,,,,,,
,,,,,,,,,,,,
,,,,,,,,,,,,
,,,,,,,,,,,,
,,,,,,,,,,,,
,,,,,,,,,,,,
,,,,,,,,,,,,
,,,,,,,,,,,,
,,,,,,,,,,,,
,,,,,,,,,,,,
,,,,,,,,,,,,
,,,,,,,,,,,,
,,,,,,,,,,,,
,,,,,,,,,,,,
,,,,,,,,,,,,
,,,,,,,,,,,,
,,,,,,,,,,,,
,,,,,,,,,,,,
,,,,,,,,,,,,
,,,,,,,,,,,,
,,,,,,,,,,,,
,,,,,,,,,,,,
,,,,,,,,,,,,
,,,,,,,,,,,,
,,,,,,,,,,,,
,,,,,,,,,,,,
,,,,,,,,,,,,
,,,,,,,,,,,,
,,,,,,,,,,,,
,,,,,,,,,,,,
,,,,,,,,,,,,
,,,,,,,,,,,,
,,,,,,,,,,,,
,,,,,,,,,,,,
,,,,,,,,,,,,
,,,,,,,,,,,,
,,,,,,,,,,,,
,,,,,,,,,,,,
,,,,,,,,,,,,
,,,,,,,,,,,,
,,,,,,,,,,,,
,,,,,,,,,,,,
,,,,,,,,,,,,
,,,,,,,,,,,,
,,,,,,,,,,,,
,,,,,,,,,,,,
,,,,,,,,,,,,
,,,,,,,,,,,,
,,,,,,,,,,,,
,,,,,,,,,,,,
,,,,,,,,,,,,
,,,,,,,,,,,,
,,,,,,,,,,,,
,,,,,,,,,,,,
,,,,,,,,,,,,
,,,,,,,,,,,,
,,,,,,,,,,,,
,,,,,,,,,,,,
,,,,,,,,,,,,
,,,,,,,,,,,,
,,,,,,,,,,,,
,,,,,,,,,,,,
,,,,,,,,,,,,
,,,,,,,,,,,,
,,,,,,,,,,,,
,,,,,,,,,,,,
,,,,,,,,,,,,
,,,,,,,,,,,,
,,,,,,,,,,,,
,,,,,,,,,,,,
,,,,,,,,,,,,
,,,,,,,,,,,,
,,,,,,,,,,,,
,,,,,,,,,,,,
,,,,,,,,,,,,
,,,,,,,,,,,,
,,,,,,,,,,,,
,,,,,,,,,,,,
,,,,,,,,,,,,
,,,,,,,,,,,,
,,,,,,,,,,,,
,,,,,,,,,,,,
,,,,,,,,,,,,
,,,,,,,,,,,,
,,,,,,,,,,,,
,,,,,,,,,,,,
,,,,,,,,,,,,
,,,,,,,,,,,,
,,,,,,,,,,,,
,,,,,,,,,,,,
,,,,,,,,,,,,
,,,,,,,,,,,,
,,,,,,,,,,,,
,,,,,,,,,,,,
,,,,,,,,,,,,
,,,,,,,,,,,,
,,,,,,,,,,,,
,,,,,,,,,,,,
,,,,,,,,,,,,
,,,,,,,,,,,,
,,,,,,,,,,,,
,,,,,,,,,,,,
,,,,,,,,,,,,
,,,,,,,,,,,,
,,,,,,,,,,,,
,,,,,,,,,,,,
,,,,,,,,,,,,
,,,,,,,,,,,,
,,,,,,,,,,,,
,,,,,,,,,,,,
,,,,,,,,,,,,
,,,,,,,,,,,,
,,,,,,,,,,,,
,,,,,,,,,,,,
,,,,,,,,,,,,
,,,,,,,,,,,,
,,,,,,,,,,,,
,,,,,,,,,,,,
,,,,,,,,,,,,
,,,,,,,,,,,,
,,,,,,,,,,,,
,,,,,,,,,,,,
,,,,,,,,,,,,
,,,,,,,,,,,,
,,,,,,,,,,,,
,,,,,,,,,,,,
,,,,,,,,,,,,
,,,,,,,,,,,,
,,,,,,,,,,,,
,,,,,,,,,,,,
,,,,,,,,,,,,
,,,,,,,,,,,,
,,,,,,,,,,,,
,,,,,,,,,,,,
,,,,,,,,,,,,
,,,,,,,,,,,,
,,,,,,,,,,,,
,,,,,,,,,,,,
,,,,,,,,,,,,
,,,,,,,,,,,,
,,,,,,,,,,,,
,,,,,,,,,,,,
,,,,,,,,,,,,
,,,,,,,,,,,,
,,,,,,,,,,,,
,,,,,,,,,,,,
,,,,,,,,,,,,
,,,,,,,,,,,,
,,,,,,,,,,,,
,,,,,,,,,,,,
,,,,,,,,,,,,
,,,,,,,,,,,,
,,,,,,,,,,,,
,,,,,,,,,,,,
,,,,,,,,,,,,
,,,,,,,,,,,,
,,,,,,,,,,,,
,,,,,,,,,,,,
,,,,,,,,,,,,
,,,,,,,,,,,,
,,,,,,,,,,,,
,,,,,,,,,,,,
,,,,,,,,,,,,
,,,,,,,,,,,,
,,,,,,,,,,,,
,,,,,,,,,,,,
,,,,,,,,,,,,
,,,,,,,,,,,,
,,,,,,,,,,,,
,,,,,,,,,,,,
,,,,,,,,,,,,
,,,,,,,,,,,,
,,,,,,,,,,,,
,,,,,,,,,,,,
,,,,,,,,,,,,
,,,,,,,,,,,,
,,,,,,,,,,,,
,,,,,,,,,,,,
,,,,,,,,,,,,
,,,,,,,,,,,,
,,,,,,,,,,,,
,,,,,,,,,,,,
,,,,,,,,,,,,
,,,,,,,,,,,,
,,,,,,,,,,,,
,,,,,,,,,,,,
,,,,,,,,,,,,
,,,,,,,,,,,,
,,,,,,,,,,,,
,,,,,,,,,,,,
,,,,,,,,,,,,
,,,,,,,,,,,,
,,,,,,,,,,,,
,,,,,,,,,,,,
,,,,,,,,,,,,
,,,,,,,,,,,,
,,,,,,,,,,,,
,,,,,,,,,,,,
,,,,,,,,,,,,
,,,,,,,,,,,,
,,,,,,,,,,,,
,,,,,,,,,,,,
,,,,,,,,,,,,
,,,,,,,,,,,,
,,,,,,,,,,,,
,,,,,,,,,,,,
,,,,,,,,,,,,
,,,,,,,,,,,,
,,,,,,,,,,,,
,,,,,,,,,,,,
,,,,,,,,,,,,
,,,,,,,,,,,,
,,,,,,,,,,,,
,,,,,,,,,,,,
,,,,,,,,,,,,
,,,,,,,,,,,,
,,,,,,,,,,,,
,,,,,,,,,,,,
,,,,,,,,,,,,
,,,,,,,,,,,,
,,,,,,,,,,,,
,,,,,,,,,,,,
,,,,,,,,,,,,
,,,,,,,,,,,,
,,,,,,,,,,,,
,,,,,,,,,,,,
,,,,,,,,,,,,
,,,,,,,,,,,,
,,,,,,,,,,,,
,,,,,,,,,,,,
,,,,,,,,,,,,
,,,,,,,,,,,,
,,,,,,,,,,,,
,,,,,,,,,,,,
,,,,,,,,,,,,
,,,,,,,,,,,,
,,,,,,,,,,,,
,,,,,,,,,,,,
,,,,,,,,,,,,
,,,,,,,,,,,,
,,,,,,,,,,,,
,,,,,,,,,,,,
,,,,,,,,,,,,
,,,,,,,,,,,,
,,,,,,,,,,,,
,,,,,,,,,,,,
,,,,,,,,,,,,
,,,,,,,,,,,,
,,,,,,,,,,,,
,,,,,,,,,,,,
,,,,,,,,,,,,
,,,,,,,,,,,,
,,,,,,,,,,,,
,,,,,,,,,,,,
,,,,,,,,,,,,
,,,,,,,,,,,,
,,,,,,,,,,,,
,,,,,,,,,,,,
,,,,,,,,,,,,
,,,,,,,,,,,,
,,,,,,,,,,,,
